split,rows,cols,memory_mb,id_unique
train,3109,15,6.463568687438965,3109
val,1048,15,2.165280342102051,1048
test,1008,13,1.7012872695922852,1008
