num_choices,answer,count,share_within_num_choices
2,0,444,0.4889867841409692
2,1,464,0.5110132158590308
3,0,716,0.34757281553398056
3,1,641,0.3111650485436893
3,2,703,0.3412621359223301
4,0,274,0.2647342995169082
4,1,259,0.25024154589371983
4,2,258,0.2492753623188406
4,3,244,0.2357487922705314
5,0,37,0.24025974025974026
5,1,36,0.23376623376623376
5,2,23,0.14935064935064934
5,3,35,0.22727272727272727
5,4,23,0.14935064935064934
