answer,count,share
0,1471,0.3538609574212172
1,1400,0.33678133269184507
2,984,0.23670916526341113
3,279,0.06711570844358912
4,23,0.005532836179937455
