split,column,missing_rate,missing_count
train,hint,0.23287230620778385,724
train,lecture,0.14152460598263106,440
train,solution,0.170151174010936,529
val,hint,0.22137404580152673,232
val,lecture,0.1269083969465649,133
val,solution,0.16412213740458015,172
test,hint,0.2123015873015873,214
test,lecture,0.18154761904761904,183
